Review_ID,Product rating,Product reviews,Review score
1701508000,5.0,['Received as promised almost 10/10 condition genuine phone with genuine parts no issue found. Thanks will buy again in shaa allah'],100
1701508015,4.7,"['this is the initial review. the phone is the same as shown.good thing is that it is managed directly by Daraz. packaging was amazing. order came 1 day late only.', 'Daraz is very helpfulğŸ˜ğŸ˜I was not have enough money to buy this range mobile so i buy on installment from darazğŸ˜ğŸ˜ğŸ˜ Mobile ki look boht achi hy or is range mai best hyğŸ˜Thanks daraz and sellerğŸ¤“', 'Camera satisfactory nh ha, Baki mobile ok ha']",100
1701508035,4.7,"['I got what was shown, but I want to tell about the seller that my chat was not responded even after a couple of days, so please make your availability there so that the customer can place the order with full sitesify. Because the amount matters But my goal was to buy the product from there, so I took what I have and it is ğŸ’¯ %authentic, and the warranty has not started yet, But the handsfree did not come out of the box, maybe not provided by the company. So the Overall experience was great and the seller is highly recommended. Thanks Daraz & Seller.ğŸ¥°', 'Great Experience as usual and I have purchased many mobiles from DARAZ but this time get maximum discount in 11/11 Sales on Note 30 pro', 'i am here just because of k main yaqeen karen itni mehngi product aj tak nahee mangwayi, per jab parcel aaya open kia tuh i was amazed yar 100% original, non active,PTA aprroved set har aik cheez perfect, delivery on time, parso market gaya tha wahan bhi mujhe 72500 k rates milen then or yahan daraz per sirf 59529 ka set mila really thanks to seller and daraz and thank u so much delivery boy ALI RAZA who guided me alot and given me confidence,Thank u so much all of you,am completely satisfied ğŸ™']",100
1701508055,4.1,"['#11.11 PTA approved device received safely. Mobile battery was low and required charging before getting on.', 'everything is perfect colour b same aya..ğŸ˜‡ I am so happy thanks Daraz ..â¤ highly recommended... ğŸ‘ŒğŸ‘', '#11.11 sale main good mobile mil gaya hy market sy bhi sasta same as shown in the picture ğŸ˜º reviews dekh ky tu dar gaya tha but â¤ï¸ genuine product hy pin pack pta approved and non active']",100
1701508072,5.0,['highly recommend...'],50
1701508088,4.7,"['Good product Packing is good Stisified the sell as compared product But Price is high as compared market almost 2000', 'I have received my Samsung A04S in sealed box and i loved it. Excellent performance, light weight and premium feel make it best phone. I Will love to shop again again from your store .ğŸ‘ŒğŸ™‚', 'Its a brand new phone, I like it. But, no invoice is sent, how to claim warranty? I have asked this in chat also but no reply. Guide me on warranty n send me picture of invoice, please']",66
1701508105,4.3,"['Ù¾Ù† Ù¾ÛŒÚ© ÙÙˆÙ† ÛÛ’Û” Ø¬Ùˆ Ù„ÙˆÚ¯ Ú©ÛØªÛ’ ÛÛŒÚº Ú©Û ÚˆØ¨Û’ Ù…ÛŒÚº Ú©Ú†Ú¾ Ú†ÛŒØ²ÛŒÚº Ú©Ù… ÛÛŒÚº Û” ØªÙˆ Ø´Ø§Ø¦Ø¯ Ø§Ø³ Ú©ÛŒ ÙˆØ¬Û ÛŒÛ ÛÛ’ Ú©Û ÛŒÛ Ù…Ø§ÚˆÙ„ Ú†Ø§Ø¦Ù†Û Ø§Ø³Ù…Ø¨Ù„ ÛÛ’ Û” Ø¨Ø§Ù‚ÛŒ Ø§Ù„Ù„Û Ø¨ÛØªØ± Ø¬Ø§Ù†ØªØ§ ÛÛ’Û”', ""It's 128 gb variant not available in Pakistan but the seller has amazingly provided it. The product is genuine, received well packed and timely deievered. Thanks to seller and daraz..."", 'i have received my phone in time new and original condition best seller best service thank you daraz for best services!']",83
1701508123,4.7,"['achhi packing but charging adapter was normal no handsfree no protector no mobile cover baqi use kr ke pta chalay ga dekhnay nice hai', 'Alhamdulillah same recieved as shown in picture. Same specifications A1 condition and fast delivery. Thanks Daraz. i recmond it and i order one more.', 'mobile is just go0d. average in use.. bettery timing is go0d.. camera is just average. overall ghar use k lia thek hai jaha bs call waghaira k lia instmal hota ho']",50
1701508139,4.7,"[""mobile was box packed looks new. let's see it's working .. recommended and will update this after 6months"", ""#11.11 I received original and same as ordered product very good experience packing was also very safe bundle of thanks daraz and seller I'm highly recommended shopping with daraz and this seller. 5 out of 5. Bundle of thanks daraz"", 'Original phone seller response is satisfactory delivery is a little late but overall a good experience . Thanks seller and daraz.']",100
1701508155,3.2,"['phone is damaged from edges, pictures uploaded', 'Same As Described original product found in reasonable price than Market', 'I ordered phone in black color but they sent me in Green color. After doing so, he stopped seeing my msgs. Such a ridiculous customer service. Iâ€™m completely disappointed over this.']",33
1701508171,5.0,"['Totally satisfied with my purchase.', 'I got good value for money and will definitely buy from them again. The phone is in perfect condition and is a genuine product. 1111']",100
1701508189,5.0,['awesome condition...very light and tiny scratch....91 percent battery...'],100
1701508205,5.0,No review,0
1701508220,4.8,"['Dear Seller, The cell phone is the same as shown, and also, thanks for the quick delivery. Thums Up', ""we'll packed box pack ram 4+3 rom 128gb reason able price just 1 issue net of out of warranty status show ho raha hy"", 'Allahamdullilah jo chez jaise dekhai thi bilkul hi 100% original chez beji hai allah pak seller ko khush rahey seller ne buhut corporate kia hai delivery fast huwi hai thank you so much seller thank you so much daraz ğŸ˜ŠğŸ˜ŠğŸ˜Š']",83
1701508238,4.6,"['It was an absolutely amazing experience. ordered on the 17th-October night and got it around 01-pm afternoon on 18th-October in less than 12 hours. As far as the product is concerned, Samsung is always a great experience as I have been a user of it since the beginning of the Android era back in 2010. Thanks, Daraz and seller, for extreme level service. Daraz is a highly recommended e-commerce platform of Pakistan from 2016 to till date, never disappointed me with services.', 'Perfect packing timely delivery original product 100% Authentic excellent experience Highly recommended for those who afraid to buy costly items online . thanx seller n Daraz.', 'Excellent ğŸ‘Œ']",100
1701508255,4.3,"['very fast delivery and origional sealed pack mobile I am satisfied', 'Ø³Ø§Ù… Ø³Ù†Ú¯ 2023 Ú©ÛŒ Ø¨ÛØªØ±ÛŒÙ† Ù¾Ø±ÙˆÚˆÚ©Ù¹ ÛÛ’ Ø¨ÛØªØ±ÛŒÙ† ÚˆØ³Ú©Ø§Ø¤Ù†Ù¹ Ø´Ú©Ø±ÛŒÛ', 'not recommended, not a good set, camera not good,touch very poor, performance also poor, charger not included in box. be careful']",83
1701508270,5.0,"['97% battery, scratch less, excellent condition, just like new.']",100
1701508286,4.6,"['Reciceved it in 3 days good mobile original no damage to the product original charger was also in the box Recommended Seller', 'this phone is awesome in this price. specs are absolutely fantastic as compared to market. price is very reasonable and I got extra discount from my bank card so I can say I got this phone cheaper than market. very lightweight and speed is very good I am happy to buy this. #11.11', 'Product is original and as per details given. Delivered well before the committed time. Good presentable packaging, delivery is safe and sound.recommended the saller.']",100
1701508303,4.8,"['Ù…ÙˆØ¨Ø§Ø¦Ù„ Ø²Ø¨Ø±Ø¯Ø³Øª ÛÛ’ Ø§ÙˆØ± Ø¨ÛØª ÛÛŒ Ù…Ù†Ø§Ø³Ø¨ Ù‚ÛŒÙ…Øª Ù…ÛŒÚº Ù…Ù„Ø§ ÛÛ’ Û” 8 Ø¬ÛŒ Ø¨ÛŒ 256 Ø¬ÛŒ Ø¨ÛŒ Ù…ÛŒÚº ÛŒÛ Ø¨ÛŒØ³Ù¹ Ø¢Ù¾Ø´Ù† ÛÛ’ Û” Ø§ÙˆØ± Ø³ÛŒÙ„Ø± Ø¨Ú¾Ø§Ø¦ÛŒ Ù†Û’ Ø¨ÛØª ÛÛŒ ØªØ¹Ø§ÙˆÙ† Ú©ÛŒØ§ Û” ÛØ± Ú†ÛŒØ² Ø¨ÛØª Ø¨ÛØªØ±ÛŒÙ† Ø·Ø±ÛŒÙ‚Û’ Ø³Û’ ÙˆØ§Ø¶Ø­ Ú©ÛŒÛ” Ø¨Ø§Ù‚Ø§Ø¹Ø¯Û Ø¢Ù† Ù„Ø§Ø¦Ù† ÙˆØ§Ø±Ù†Ù¹ÛŒ Ø¨Ú¾ÛŒ Ú†ÛŒÚ© Ú©Ø±ÙˆØ§Ø¦ÛŒ Ú¯Ø¦ÛŒÛ” Ø¬Ùˆ Ø¯ÙˆØ³Øª Ø¨Ú¾ÛŒ Ù„ÛŒÙ†Ø§ Ú†Ø§ÛØ¦ÛŒÚº Ø¶Ø±ÙˆØ± Ù„ÛŒÚº Ø§Ù†Ø´Ø§Ø¡ Ø§Ù„Ù„Û Ù†Ø§ Ø§Ù…ÛŒØ¯ Ù†ÛÛŒÚº ÛÙˆÚº Ú¯Û’ Ø§ÙˆØ± Ø§Ù†Ø´Ø§Ø¡ Ø§Ù„Ù„Û Ø§Ú†Ú¾ÛŒ Ú†ÛŒØ² Ù…Ù„Û’ Ú¯ÛŒÛ” Ø¢Ø±ÚˆØ± Ú©Ø±Ù†Û’ Ú©Û’ ØªÛŒØ³Ø±Û’ Ø¯Ù† Ù…ÙˆØ¨Ø§Ø¦Ù„ Ú¯Ú¾Ø± Ù¾ÛÙ†Ú† Ú¯ÛŒØ§ Ù…Ø§Ø´Ø§Ø¡Ø§Ù„Ù„Û Ø¨ÛØª ÛÛŒ Ø¹Ù…Ø¯Û Ø³Ø±ÙˆØ³ Û” Ø§Ù„Ù„Û Ø³Ø¨Ø­Ø§Ù†Û ÙˆØªØ¹Ø§Ù„ÛŒ Ø¬Ø²Ø§Ø¦Û’ Ø®ÛŒØ± Ø¹Ø·Ø§ ÙØ±Ù…Ø§Ø¦ÛŒÚº Ø¢Ù…ÛŒÙ†', 'Great phone and in same condition box packed sealed. Orrigional accessories. Everything is great but delivery was not good by leopard. They tell that delivery is not in that area.', '""Recently acquired the Infinix Note 30 â€“ impressed with its overall performance. The shipment exceeded expected delivery time, though there was a color discrepancy (ordered black, received gray). Will share detailed performance feedback after more use. Appreciate Daraz team for their service.""']",83
1701508321,4.9,"['1 . Look & Design: Phone is awesome in look very beautiful design. Feels like premium flagship 2. Performance : Satisfactory 3. Battery : Awesome 4. Front Camera Average 5. Back Camera : Good but not excellent 6. Over all : Value for money. Recommended this item.', 'Ø¨ÛØª ÛÛŒ Ø§Ú†Ú¾Ø§ Ù…ÙˆØ¨Ø§Ø¦Ù„ ÛÛ’ Ø§ÙˆØ± Ø¨ÛØª Ù¾ÛŒØ§Ø±ÛŒ Ù¾ÛŒÚ©Ù†Ú¯ ÛÛ’ Ø¨ÛŒØ³Ù¹ Ú©ÙˆØ§Ù„Ù¹ÛŒ Ú©Ø§ Ù…ÙˆØ¨Ø§Ø¦Ù„ ÛÛ’ Ø§ÙˆØ± Ø¨ÛØª ÛÛŒ Ú©Ø§Ù… Ù‚ÛŒÙ…Øª Ù…ÛŒÚº', 'I like the product its non active device and nicely company packed. I Always order from your store. ğŸ‘ thanks i received samecolor as i want']",83
1701508335,4.7,"[""Original Product, Packing for logistics was excellent. Delivered on first promised day( took 4 days to deliver a standard time. price slight higher than company declared price and market price but it's ok in case of 0%installments"", 'Thanks to the seller for the phone the same as I ordered, the same color keeps your trust to people but guarantee card is Missing I ordered one more same mobile with an other number', 'received my package today good looking mobile in this price tag.']",100
1701508352,4.7,"[""So far it's good. Seems good. I'll update my review after checking thoroughly. By the way it's genuine product."", 'Very reasonable price, home delivery on the scheduled date, excellent packaging, unopened sealed phone box, approved from PTA, thank you daraz.', '100% genuine phone. Timely delivered. Satisfied with my order from daraz.pk highly recommended']",100
1701508368,4.7,"['mobile ki packing bhi achi ha.or original sumsang ki packing ki halat ma received howa ha dil khush kar diya daraz ki service na', 'Thanks a lot Daraz for their phenomenal service and a great discount of 5000 the device is very reasonablekeeping the current situation of the inflation I would highly recommend this over all other Chinese brands the look and feel of the device is awesome same like the flagship series of samsung and performance is also acceptable overall the only drawback being the charger not included with the device, which adds another couple of thousand to the already inflated price But still I like the phone thanks again daraz for providing the great experience and service Thanks a lot Daraz ğŸ˜Šâ£ï¸ğŸ’¥', 'Nice Cell phone delivered safely but 1 thing is shameful that no adopter with mobile at this heavy price.. only data cable found in the box .. Great services by daraz']",100
1701508385,4.5,"['Mobile was repacked there was no company seal when i confirmed from MI service center they confirm that mobile was Repacked and was Activated 11 days before purchasing date and this shop owner have Assured me and other customers that mobile is not repacked and you will activate for the first time they lied and they are selling the product at increased price from official price but we have comprised on price that they will give us seal pack product but they scammed us and given us a repacked product which was activated before Purchasing.', 'Nice mobile delivery in time thanks for seller', 'thank you draz and thank you seller bohat Acha mobile Hy or same colour Jo order Kia tha bohat Acha seller Hy over all very nice and good experience']",83
1701508402,4.7,"['received Original Product of Redme... Seller Response Very Good and Early. Satisfied ğŸ‘', 'Mobile to Pinpack hai jaldi bi Ponch aya laikn delivery walo ne us adress pe nahi ponchaya jo adress dia tha balke call kr ke inform kia gaya or kaha gaya k a ke khud le jaye jiske ko laine k kiye mujhe 12 km dor ja ke kaina para bht afsos howa is bat pe.', 'Great mobile, fast charging bhi nahi hai and No Glass No Cover. Best for my Rayyan Ali Khan.']",66
1701508417,1.0,['Very bad product.. Bettry health is very bad within 2 days bettry health 80 sy 75 ai.. faulty iphone hy...'],0
1701508432,4.8,"['Assalam u Alaikum Received before due date original product,packing was a little poor , but seller is coprative.It was my first purchase on installment happy to get it on 0% Mark up', 'The seller was very cooperative and delivered the phone in just 3 days upon my request. The phone is just perfect and everything what I was looking for.', 'Same as described.. Amazing Packing and received just in 2 days.. Highly recommend']",100
1701508452,5.0,['waqt se pehly Dilevry hogai. mob b new he. jazakallah dear'],100
1701508467,4.6,"['Meny jo socha tha us sy kahi gunna ziyad achi cheez paayi bhut zabadast hai hai dabba pack and One year warranty m', 'thnx sir muja umeed nahe ti muja atna Acha or bahtreen mobile mali g thnx team & thnx drazğŸ˜˜ğŸ˜˜ğŸ˜˜ğŸ˜˜', 'The phone is a star and the seller is a gem. I am always an Infinix phone lover but this one is the best of all. Phones speaker sound quality is pretty good with JBL and HiRes sound. All round fast charging works with any PD 3 charger, irrespective of brand and cable. screen brightness is excellent even if not AMOLED. The golden leather back add premium and flagship look to the phone. Thanks to the seller for answering the queries promptly and sending the pin packed, unactivated phone']",66
1701508486,4.7,"['Mobile is original as shown in the picture I give 5 Star to the seller honest seller But the leopard courier is third class delivery they could not deliver thier behaviour is very rude', 'Bohat zabardast phone aya h same as shown mujha pehla dar tha k fake na ho but ya fake nai tha 10/10 â¤ï¸â¤ï¸â¤ï¸', '#11.11 .Excellent service by daraz.purchase on installment cheaper then market.thanks daraz']",33
1701508502,4.7,"['Thanks for Daraz & Tecno Flagship store Mobile boat acha hai or pin packed hai deliver bhi 1 din hogya. I am very happy once againThanks for Daraz & Tecno Flagship store.', ""This is my first experience buying a phone from Daraz. it's good for me. The phone is ok! non-repack/non-active. I am 100% satisfied for daraz only for this product only! Tecno 20 camon"", 'thank you so much Tecno Company Zaberdast mobile hy aaj hi lunching ceremony thi or aaj hi mil gaya once again thank you so much Tecno']",100
1701508520,4.6,"['Recommended seller ğŸ’¯ fast shipping, pin packed.This phone has been warranty active 6 weeks ago on manufacture date by Samsung. Phone is original and has not been repacked. The warranty is 24 months and will expire september 2025.So hurry up before your favorite color is sold out.', ""In description section it says: What's in the box = 1 Phone , 1 Charger. But there is no Charger in the box. I know Samsung latest phone don't have chargers anymore, But then, why did your write it Like that. Moreover, the description/Specification Style of this phone in the daraz store was the worst thing I have ever seen. Kindly hire someone good. Other then of that, Original Seller(Samsung Flagship Store) is Selling Original/Sealed mobile phones. Good Delivery Service. So overall 3 Star"", '#RWC2. Genuine product with quick delivery.']",83
1701508553,4.5,"['Excellent product, genuine and original product, PTA approved. No Patched mobile. Seller sounds a very professional and committed in such deals. strongly recommended and feel free to buy this product. Thank you Daraz and Grateful to you Dear Seller...', '#11.11 received as per specs mentioned. highly recommended.', 'Box was sealed and came with all accessories. The seller is recommended for geniune product.']",100
1701508580,4.4,"['Very disappointing. This phone is not 8 GB RAM as claimed. This is a 4GB + 4 GB expendable. The add should clearly state that truth. Also, it has a slow processor. an iPhone user will find it very slow. it is large screen phone. The back camera quality is good in day light but not very good in low light. Overall it is okay for the price it is being sold at. But the ad should clearly state the figures to avoid any disappointments.', ""same mobile deliver hoa hai thanks ğŸ˜ŠğŸ˜ŠğŸ‘ I'm very happy......"", 'good quality nice phone I like it very much']",100
1701508596,4.7,"['i loved the phone, its orignal n sealed brand new phone. Thank you seller.', '#11.11 excellent quality', 'mujhe mbl receive howa hai good ğŸ‘ in time and same Samsung product Jo market mn 40000 mn mil rhi this wahine daraz pe 32500 mn Melissa hai']",100
1701508611,4.9,"[""well packed, buht hi acha original mobile,, very fast delivery within just 2 days. good seller, I'm very happy and satisfied, thanks"", 'mobile is 100% genuine....ğŸ˜ sealed pack.... seller is so much co operative... ğŸ¥° price is very low than other sellers or market....ğŸ‘ recommended to all....ğŸ‘ğŸ‘ thanks ğŸ’š', 'very very good working.. thanks seller very responsible person. very one close Ur eye and buy it.. ğŸ’– seal pack']",100
1701508724,4.5,"['Genuine product thanks seller and daraz', 'all ok pta approved sealed pack']",100
1701508758,5.0,No review,0
1701508774,4.2,"['Ø¨Ø±Ø§Ù†Úˆ Ø§ÙˆØ±ÛŒØ¬Ù†Ù„ ØªÚ¾Ø§ Ù¾ÛŒ Ù¹ÛŒ Ø§Û’ Ø§Ù¾Ø±ÙˆÙˆÙ„ ØªÚ¾Ø§ Ù†Ø§Ù† Ø§ÛŒÚ©Ù¹Ùˆ ØªÚ¾Ø§ Ù…ÛŒÚº Ù†Û’ Ø®ÙˆØ¯ Ø§ÛŒÚ©Ù¹Ùˆ Ú©ÛŒØ§ Ø¯Ø±Ø§Ø² Ú©Ø§ Ø³ÛŒÙ„Ø± ØªÚ¾ÛŒÙ†Ú© ÛŒÙˆ ÚˆØ¨Û’ Ù¾Û Ù¾ÛŒ Ù¹ÛŒ Ø§Û’ Ø§Ù¾Ø±ÙˆÙˆÙ„ Ù†ÛÛŒÚº Ù„Ú©Ú¾Ø§ Ø§ÙˆØ± ÙˆØ§Ø±Ù†Ù¹ÛŒ Ú©Ø§Ø±Úˆ Ø¨Ú¾ÛŒ Ù†ÛÛŒÚº ÛÛ’ Ø¬Ø¨ Ù†ÛŒÙ¹ Ù¾Û Ú†ÛŒÚ© Ú©ÛŒØ§ ÙˆØ§Ø±Ù†Ù¹ÛŒ Ø³Ù¹Ø§Ø±Ù¹ ÙˆÛŒ Ø§Ø³ÛŒ Ø¯Ù† ÛÙˆØ¦ÛŒ Ø¬Ø¨ Ø§ÛŒÚ©Ù¹Ùˆ Ú©ÛŒØ§ Ù…ÛŒÚº Ù†Û’ Ø§Ù† Ù„Ø§Ø¦Ù† ÙˆØ§Ø±Ù†Ù¹ÛŒ Ù…ÙˆØ¬ÙˆØ¯ ÛÛ’ Ù¾ÙˆØ±Û’ Ø§ÛŒÚ© Ø³Ø§Ù„ Ú©ÛŒ Ø§ÙˆØ± Ù¾ÛŒ Ù¹ÛŒ Ø§Û’ Ù¾Û Ø¬Ø¨ Ú†ÛŒÚ© Ú©ÛŒØ§ ØªÙˆ Ù¾ÛŒ Ù¹ÛŒ Ø§Û’ Ø§Ù¾Ø±ÙˆÙˆÙ„ Ø¨Ú¾ÛŒ ÛÛ’ Ø¨Ù¹ Ú©Ø§Ø±Úˆ Ù†ÛÛŒÚº ÛÛ’', 'everything went smoothly It took 3 days to get it delivered.', 'good product highly recommended thanks Daraz #11.11']",66
1701508795,4.5,"[""Everyone knows how is the phone so I won't say anything about the device but rather I would like to express my disappointment with the delay in delivery from the seller. Further the device cost you thousands & you can see the quantity of bubble wrap they did on the box what if it could have had been damaged? It must be packed properly & securely"", 'yeh repack hain mainay packing nahi open ki or mainay black color bola tha sunset gold aya hain JB Kay seller say bat bhi hogai thi AJ Saturday received hoa or Saturday ko hi mainay return kardia hain or is main seller ki chat bhi shamil hain picture main', 'best mobile ever, thanks Daraz and thanks seller recimmended this seller â¤ï¸']",50
1701508811,4.9,"['honest seller fast shipping phone is very good camera results also nice all over good phone and I ordered again', 'Got the parcel in 2 days. Seller was way too helpful. Product is genuine, PTA approved. 12 months warranty from Advance Telecom. A nice handful and cost effective mobile phone. Highly recommend.', 'Seller is very Good person.It delivered in just 22hours and Phone is very good ğŸ‘ Same as shown and Very Affordable phone .Very Recommended']",100
1701508827,4.5,"['Best mobile in this price I recommend others to buy this specially from this seller Seller is very good responsive #ReviewWorldCup', 'Ù…Ø§Ø´Ø§ ï·² Ø§ÙˆØ±ÛŒØ¬Ù†Ù„ Ù¾ÛŒÚ©Ù†Ú¯ Ø§ÙˆØ± ÙØ§Ø³Ù¹ ÚˆÙ„ÛŒÙˆØ±ÛŒ Ù‚Ø§Ø¨Ù„ Ø§Ø¹ØªÙ…Ø§Ø¯ Ø³ÛŒÙ„Ø± Ø´Ú©Ø±ÛŒÛ', 'Boht acha tajurba,raha, very kind perdon seller,,her bat ka boht achy sy reply kia,,mjhy ordrr jaldi chahye tha within 2 days mien order milgya,,box pack packing,,delivery bhi fast hui, ,Allah is seller k karobar mien taraqi dy']",83
1701508877,1.0,"[""repacked and used phone sold by this sellerÛ” no response on complaintsÛ” don't know that phone may be refurbishedÛ”""]",0
1701508901,4.8,"['Very nice ğŸ‘ mobile', 'ğŸ˜…thri preshni thi mehngi chez phli dfa daraz sy buy krty hue k pta k orignle hgi k ni but dekh k sary doubt clear ho gye daraz ki dlivry srwis bht slow hti ja re bki fon A1h ğŸ˜', 'best mobile i m so happy ya mobile mine open is liya nhi kia mujhe gift krna hai wase mobile bhot axha hai .ğŸ˜€']",83
1701508933,1.0,['Delived time good .But I purchase light blue . received only blue'],100
1701508970,4.8,"['I received my product before Delievery date Thr phone was box packed I recommend this seller for Phone Buying I am truly satisfied with the seller', 'excellent service, very cooperative seller, very fast delivery', ""Alhamdolillah, got my package delivered super fast within 12hrs 50 mins to be exact, even before the initial expected arrival date. Seller was super cooperative, humble and replied instantly in chat. The parcel itself was packed firmly, carefully and securely. The phone was PTA approved. The official warranty started on the date of purchase. I'm more than satisfied with my experience. Highly recommended! Thank you very much Daraz and Seller! Jazakallah!""]",100
1701508999,4.7,"['It was just awesome thanks daraz thank you so much Seller Same colour and outstanding service quick delivery...', 'Grey order kya thw or blue receive hua, Bx yehi waja h jw daraz pr trust ni hota', 'Excellent experience. Received next day. Thank you so much daraz team.']",100
1701509026,5.0,"['Amazing phone in that price, highly recommend']",100
1701509044,4.9,"['mobile bilkol original hae or bhot achi packing Kar k vendor nae Bheja or Kafi fast delivery thi 2 days Mae mare pass pohanch gaya thanks to daraz team and vendor and Lapboard company.', 'Seller is very cooperative. Had a very good experience buying this cellphone. Original product and professionalism from seller is more than good.', 'everything is fine']",100
1701509071,5.0,"['Genuine & Authentic product. Seller is highly recommended & professional who responds to all my queries on time.', '100 percent original product. The seller shipped fast but the daraz delivery service was very poor because of the #11.11 sale. received 3 days late after delivery timeline.', 'Orginal Mobile recommended to all']",66
1701509102,0.0,No review,0
1701509121,4.6,"['very fast delivery .. seller is very good .. original product thanks alot... delivery date is 21 but i receive it on 17 .. i order in black but this is blue bcz black is not available. if you dont have so kindly mention out of stock but no problem again thnkxğŸ¥°', '#11.11 i am very happy', 'acha mobile hai behtar sealer hai thanks draz team']",100
1701509149,0.0,No review,0
1701509167,4.9,"['very nice PTA prove nice bht bht Khushi hoi mobile dykh kr thanks draz', 'We get it fast delivery and good item with warranty', 'GOOD DILIVERY TIME WAS LONG BUT ALTHOUGH GREAT']",100
1701509196,4.9,"['Excellent mobile in this price category reviewing after one week use.', 'Ù…Ù†Ø§Ø³Ø¨ Ù‚ÛŒÙ…Øª Ù…ÛŒÚº Ø´Ø§Ù†Ø¯Ø§Ø± Ù…ÙˆØ¨Ø§Ø¦Ù„. Specifications are as shown. RAM: 16, ROM:256. I strongly recommend this product. ğŸ¥°', 'Good mobile in given price camera is not that crisp as I expected. Rest very good phone']",100
1701509255,4.7,"['pehli br draz sy itni mehnghi cheez li ha. i was so scared. wo b advance payment py. ak tu is me headfone include nhi. wo msla company ka ha. dusra black color order kia ta. seller ny bina pochy yh bej dia. itna issue ni h at least ak br pochna chye na? i pay 41000 for it k market sy b zada h. wo b adjustable h. phone mujy bht psnd aya isk features. clr ghlt bejny ki wja giving 4 star.', 'Perfect Mobile reasonable price , Delivery with in 2days Seller was good Thankyou so much', '- Very good quality built - Good performance - Safely delivered - Good seller service']",66
1701509327,5.0,No review,0
1701509381,5.0,"[""I'm satisfied with parcel same as shown cool product ğŸ¥° Thanks daraz""]",100
1701509438,4.3,"['its PTA approved device..', 'Very Nice Mobile Thanks']",100
1701509495,2.9,['good experience'],100
1701509611,4.0,"['Jo order kia tha wohi mila hai.Seller bhi acha hai.Thanks seller and Daraz.', 'order blue colour ka kiya hai or behja gray ka hai i am not satisfied']",0
1701509676,4.5,"['Experience was good, delivery on time', '#11.11 mashallah buhat he achi product hai daraz NO.1 app in Asia thank you daraz thank you sallerâ¤ï¸â¤ï¸â¤ï¸â¤ï¸â¤ï¸â¤ï¸', 'ordered 2 phones from the seller it was recieved in pinpack condition and this one is working fine ALHAMDULILAH']",100
1701509795,5.0,"['Nice one receive same as pic and good packing nice seller service and PTA approve device very nice..â¤â¤â¤', 'very nice good ğŸ‘ğŸ‘ğŸ‘', 'Very Nice and cooperative Seller. My Parcel received in 24 hours. Delivery Service is very Good. Overall Mobile packing is very Good.']",100
1701509834,4.7,"['Booked on 11.11.23 and delivered on 15.11.23 i.e fast delivery, original and same product i ordered. Well packaged but warranty card is not available in th box.', 'Very good service by seller, this is my second order. Product delivered on time and accuretly.', 'Mashallah Bohot Payra Mobile ha ğŸ˜ğŸ˜ Honest seller and value for money ğŸ’°']",100
1701509909,4.7,"['Thanks Daraz and seller, excellent service same as shown in picture and producg receive in 3 days', 'buht pyari device h original PTA approved h thanks daraz and seller. â¤ï¸â¤ï¸', 'original product hy A1 quality ky sath...munsab price ma... thanks']",100
1701509969,5.0,"['phone is so fine , no any scratches. phone accessories bhi complete thi, also service is soo perfect.', 'delivered same as shown.', 'nice mobile thanks saler']",83
1701510054,4.6,"['good experience as usual I received original product with brand warranty card packed and intact box ğŸ˜˜', 'mobile received safely. However, packing was not so good. Its box was little pressed, but it was sealed pack. I have ordered the Samsung A04 from store names Samsung official but I received the mobile from Heaven Technologies. store name and sender store name should be same. Mobile is good and working perfectly, warranty card is not included in it, supplier informed that it can be checked online.', ""The mobile phone was in best condition as it was delivered. I'm satisfied by this service and its highly recommended. My phone is working in best condition ğŸ’¯âœ¨ï¸""]",100
1701510078,5.0,"['perfectly packed and quickly deliver good device same as shown', 'highly recommended buht Acha mobile hay delivery b on time hay']",100
1701510206,5.0,['Best seller original product thanks daraz'],100
1701510316,4.5,"['ma samajhta hon mobile bohat achha ha fast ha camera achha ha lakin isma apko home screen pr hi ads milna shuru ho jainga jo hr kuch seconds bad start ho jainga ye bohat annoying experience ha', ""Very satisfied....good experience.recieved in just two day's."", 'Well the product itself is okay, redmi walo ne abh shodi krna shuru krdi hy na earphones dete hain na cover Beharhal agr seller ki bat ki jay to maine 2 phones order kiye thy 1 purple, 1 mint. Mint wala jo receive hoa wo graphite grey color tha or purple colour tha he nhi inky pas to wo phr change krwaya hala k jbh maine order kia tha us wakt purple available tha to asoolan inko purple he deliver krna chahiye tha. Baki receive bht late hoa approx 1 week']",50
1701510388,0.0,No review,0
1701510426,4.9,"[""mobile was box packed and looks very good.. let's see it's durability"", 'Mashallah Buht hi Achi parking he or delivery bhi fast hoi or seller ka response bhi buht acha Raha thank you.ğŸŒ¹', 'totally satisfied with the service']",83
1701510500,5.0,"['Quality is Good ğŸ‘ I like the product Receive On time Receive Before Delivery time', 'excellentğŸ’¯ğŸ‘ results']",75
1701510569,4.9,"['Zbrdst......Same as mentioned......Full Paisa Wasool Trusted Seller', 'good mobile price itel s23 only draz pk', 'very good mobile in economical price. the same product received which was ordered. we appreciate timely delivery.']",100
1701510654,4.8,"['very positive approach and was as I ordered and mobile is working good. very happy to have that thans to retailer and also to daraz. as per my expectations fingerprints senser and fast charging not available. my suggestion is to please write all specifications on ad. Dex tracking number is not working on website but phone was delivered on very 1st of expected dates between 18 July to 21 July and received on 18th of July. was surprised and happy. good response front retailer on every chat but very poor or no response from daraz chat. due to daraz no response and tracking ID status not available on website, I was afraid and confused and wanted to cancel my order if not reached on 18th of July but was surprised to have that. please improve response to have good customer experience. Thank you', 'Both Acha phone hai tanks seller thanks daraz colour b outstanding hai use main behtreen use k bÃ ad view dy rahe thanks again', ""It's really good ğŸ‘ Original Samsung product with best hardware and software nice screen panel and camera also According to price it is the best mobile from a brand In one sentence It is value for money device""]",100
1701510708,4.8,"['seller is very cooperative and well manner. I will recommend. I have received techno spark 10 pro same as I ordered. I will give him five star because I requested him to deliver the mobile as soon as possible and he did the same I have received my parcel in 2 days only . I loved to buy again from him. thanks', 'Today I received my ordar 1st ko ordar kiya tha. 3 days mai recive hogya jaisa dekha tha waisa ge aya color ja issue tha tu seller nai contact kiya I appreciated hus effort set sach m bht acha hy', 'Masha allah bht acha mobile Hy. delivery bht jaldi hogai Hy. .... thank you so much']",100
1701510785,4.8,"['Nice product. Supplier is supportive. But not satidfied with the delivery which was very late', ""Box quality and phone quality was 5/5 and seller is very nice delivery was before the given date 22 Nov and I received it today 19 Nov thanks daraz and this seller until now I didn't find any issue on this phone I will keep u guys updated I hope i find no I issue good luck to the seller ğŸ«°may Allah give u successğŸ†ğŸ’ª and this phone has bypass and reverse charging option also â¤ï¸\u200dğŸ”¥â¤ï¸\u200dğŸ”¥â¤ï¸\u200dğŸ”¥"", 'We are satisfied this product and fast dekiwary']",100
1701510836,4.7,"['Aoa Jaisa bola waisa he mobile mila bohat khushi howi seller bi bohat cooperative ha jo color kaha wohi bheja thx seller market rate se kam pr mila zbrdst shabash', 'Highly recommended beautiful Mobile thank you seller ğŸ˜', 'Color was different than I order. I ordered purple but got black. The box of phone was already opened. Bad experience.']",66
1701512667,4.5,"[""Everyone knows how is the phone so I won't say anything about the device but rather I would like to express my disappointment with the delay in delivery from the seller. Further the device cost you thousands & you can see the quantity of bubble wrap they did on the box what if it could have had been damaged? It must be packed properly & securely"", 'yeh repack hain mainay packing nahi open ki or mainay black color bola tha sunset gold aya hain JB Kay seller say bat bhi hogai thi AJ Saturday received hoa or Saturday ko hi mainay return kardia hain or is main seller ki chat bhi shamil hain picture main', 'best mobile ever, thanks Daraz and thanks seller recimmended this seller â¤ï¸']",50
1701512708,4.9,"['honest seller fast shipping phone is very good camera results also nice all over good phone and I ordered again', 'Got the parcel in 2 days. Seller was way too helpful. Product is genuine, PTA approved. 12 months warranty from Advance Telecom. A nice handful and cost effective mobile phone. Highly recommend.', 'Seller is very Good person.It delivered in just 22hours and Phone is very good ğŸ‘ Same as shown and Very Affordable phone .Very Recommended']",100
1701512757,4.5,"['Best mobile in this price I recommend others to buy this specially from this seller Seller is very good responsive #ReviewWorldCup', 'Ù…Ø§Ø´Ø§ ï·² Ø§ÙˆØ±ÛŒØ¬Ù†Ù„ Ù¾ÛŒÚ©Ù†Ú¯ Ø§ÙˆØ± ÙØ§Ø³Ù¹ ÚˆÙ„ÛŒÙˆØ±ÛŒ Ù‚Ø§Ø¨Ù„ Ø§Ø¹ØªÙ…Ø§Ø¯ Ø³ÛŒÙ„Ø± Ø´Ú©Ø±ÛŒÛ', 'Boht acha tajurba,raha, very kind perdon seller,,her bat ka boht achy sy reply kia,,mjhy ordrr jaldi chahye tha within 2 days mien order milgya,,box pack packing,,delivery bhi fast hui, ,Allah is seller k karobar mien taraqi dy']",83
1701512785,1.0,"[""repacked and used phone sold by this sellerÛ” no response on complaintsÛ” don't know that phone may be refurbishedÛ”""]",0
1701512799,4.6,"['Deliver in 3 days No warrenty card No handfrees in box Only charger and low quality backcover in box Light weight Pakistan make set sparx Not Techno Spark Neo X But har cheez kam kar rahi hai design Acha hai Color Jo mangwaya wohi aya', 'Bht acha mobile he .Thank you.EXCELLENT Service.Delivered on time.', 'so reasonable so beautiful just like a woo â¤ï¸ğŸ˜ŠğŸ˜‚ thanks daraz and thnks seller ğŸ‘']",66
1701512817,4.8,"['Very nice ğŸ‘ mobile', 'it is more than perfect... thanks daraz and thanks dealer', 'ğŸ˜…thri preshni thi mehngi chez phli dfa daraz sy buy krty hue k pta k orignle hgi k ni but dekh k sary doubt clear ho gye daraz ki dlivry srwis bht slow hti ja re bki fon A1h ğŸ˜']",83
1701512834,1.0,['Delived time good .But I purchase light blue . received only blue'],100
1701512877,4.8,"['I received my product before Delievery date Thr phone was box packed I recommend this seller for Phone Buying I am truly satisfied with the seller', 'excellent service, very cooperative seller, very fast delivery', ""Alhamdolillah, got my package delivered super fast within 12hrs 50 mins to be exact, even before the initial expected arrival date. Seller was super cooperative, humble and replied instantly in chat. The parcel itself was packed firmly, carefully and securely. The phone was PTA approved. The official warranty started on the date of purchase. I'm more than satisfied with my experience. Highly recommended! Thank you very much Daraz and Seller! Jazakallah!""]",100
1701512899,4.7,"['It was just awesome thanks daraz thank you so much Seller Same colour and outstanding service quick delivery...', 'Grey order kya thw or blue receive hua, Bx yehi waja h jw daraz pr trust ni hota', 'Excellent experience. Received next day. Thank you so much daraz team.']",100
1701512911,5.0,"['Amazing phone in that price, highly recommend']",100
1701512939,4.9,"['mobile bilkol original hae or bhot achi packing Kar k vendor nae Bheja or Kafi fast delivery thi 2 days Mae mare pass pohanch gaya thanks to daraz team and vendor and Lapboard company.', 'Seller is very cooperative. Had a very good experience buying this cellphone. Original product and professionalism from seller is more than good.', 'everything is fine']",100
1701512960,5.0,"['Genuine & Authentic product. Seller is highly recommended & professional who responds to all my queries on time.', '100 percent original product. The seller shipped fast but the daraz delivery service was very poor because of the #11.11 sale. received 3 days late after delivery timeline.', 'Orginal Mobile recommended to all']",66
1701512997,0.0,No review,0
1701513034,4.6,"['very fast delivery .. seller is very good .. original product thanks alot... delivery date is 21 but i receive it on 17 .. i order in black but this is blue bcz black is not available. if you dont have so kindly mention out of stock but no problem again thnkxğŸ¥°', '#11.11 i am very happy', 'acha mobile hai behtar sealer hai thanks draz team']",100
1701513055,0.0,No review,0
1701513074,4.9,"['very nice PTA prove nice bht bht Khushi hoi mobile dykh kr thanks draz', 'We get it fast delivery and good item with warranty', 'GOOD DILIVERY TIME WAS LONG BUT ALTHOUGH GREAT']",100
1701513099,4.9,"['Excellent mobile in this price category reviewing after one week use.', 'Ù…Ù†Ø§Ø³Ø¨ Ù‚ÛŒÙ…Øª Ù…ÛŒÚº Ø´Ø§Ù†Ø¯Ø§Ø± Ù…ÙˆØ¨Ø§Ø¦Ù„. Specifications are as shown. RAM: 16, ROM:256. I strongly recommend this product. ğŸ¥°', 'Good mobile in given price camera is not that crisp as I expected. Rest very good phone']",100
1701513130,4.7,"['pehli br draz sy itni mehnghi cheez li ha. i was so scared. wo b advance payment py. ak tu is me headfone include nhi. wo msla company ka ha. dusra black color order kia ta. seller ny bina pochy yh bej dia. itna issue ni h at least ak br pochna chye na? i pay 41000 for it k market sy b zada h. wo b adjustable h. phone mujy bht psnd aya isk features. clr ghlt bejny ki wja giving 4 star.', 'Perfect Mobile reasonable price , Delivery with in 2days Seller was good Thankyou so much', '- Very good quality built - Good performance - Safely delivered - Good seller service']",66
1701513163,5.0,No review,0
1701513174,5.0,"[""I'm satisfied with parcel same as shown cool product ğŸ¥° Thanks daraz""]",100
1701513194,4.3,"['its PTA approved device..', 'Very Nice Mobile Thanks']",100
1701513214,2.9,['good experience'],100
1701513260,4.0,"['Jo order kia tha wohi mila hai.Seller bhi acha hai.Thanks seller and Daraz.', 'order blue colour ka kiya hai or behja gray ka hai i am not satisfied']",0
1701513309,4.5,"['Experience was good, delivery on time', '#11.11 mashallah buhat he achi product hai daraz NO.1 app in Asia thank you daraz thank you sallerâ¤ï¸â¤ï¸â¤ï¸â¤ï¸â¤ï¸â¤ï¸', 'ordered 2 phones from the seller it was recieved in pinpack condition and this one is working fine ALHAMDULILAH']",100
1701513349,5.0,"['Nice one receive same as pic and good packing nice seller service and PTA approve device very nice..â¤â¤â¤', 'very nice good ğŸ‘ğŸ‘ğŸ‘', 'Very Nice and cooperative Seller. My Parcel received in 24 hours. Delivery Service is very Good. Overall Mobile packing is very Good.']",100
1701513381,4.7,"['Booked on 11.11.23 and delivered on 15.11.23 i.e fast delivery, original and same product i ordered. Well packaged but warranty card is not available in th box.', 'Very good service by seller, this is my second order. Product delivered on time and accuretly.', 'Mashallah Bohot Payra Mobile ha ğŸ˜ğŸ˜ Honest seller and value for money ğŸ’°']",100
1701513410,4.7,"['Thanks Daraz and seller, excellent service same as shown in picture and producg receive in 3 days', 'buht pyari device h original PTA approved h thanks daraz and seller. â¤ï¸â¤ï¸', 'original product hy A1 quality ky sath...munsab price ma... thanks']",100
1701513423,5.0,"['phone is so fine , no any scratches. phone accessories bhi complete thi, also service is soo perfect.', 'delivered same as shown.', 'nice mobile thanks saler']",83
1701513445,4.6,"['good experience as usual I received original product with brand warranty card packed and intact box ğŸ˜˜', 'mobile received safely. However, packing was not so good. Its box was little pressed, but it was sealed pack. I have ordered the Samsung A04 from store names Samsung official but I received the mobile from Heaven Technologies. store name and sender store name should be same. Mobile is good and working perfectly, warranty card is not included in it, supplier informed that it can be checked online.', ""The mobile phone was in best condition as it was delivered. I'm satisfied by this service and its highly recommended. My phone is working in best condition ğŸ’¯âœ¨ï¸""]",100
1701513494,5.0,"['perfectly packed and quickly deliver good device same as shown', 'highly recommended buht Acha mobile hay delivery b on time hay']",100
1701513511,5.0,['Best seller original product thanks daraz'],100
1701513558,4.5,"['ma samajhta hon mobile bohat achha ha fast ha camera achha ha lakin isma apko home screen pr hi ads milna shuru ho jainga jo hr kuch seconds bad start ho jainga ye bohat annoying experience ha', ""Very satisfied....good experience.recieved in just two day's."", 'Well the product itself is okay, redmi walo ne abh shodi krna shuru krdi hy na earphones dete hain na cover Beharhal agr seller ki bat ki jay to maine 2 phones order kiye thy 1 purple, 1 mint. Mint wala jo receive hoa wo graphite grey color tha or purple colour tha he nhi inky pas to wo phr change krwaya hala k jbh maine order kia tha us wakt purple available tha to asoolan inko purple he deliver krna chahiye tha. Baki receive bht late hoa approx 1 week']",50
1701513579,0.0,No review,0
1701513603,4.9,"[""mobile was box packed and looks very good.. let's see it's durability"", 'Mashallah Buht hi Achi parking he or delivery bhi fast hoi or seller ka response bhi buht acha Raha thank you.ğŸŒ¹', 'totally satisfied with the service']",83
1701513640,5.0,"['Quality is Good ğŸ‘ I like the product Receive On time Receive Before Delivery time', 'excellentğŸ’¯ğŸ‘ results']",75
1701513654,4.9,"['Zbrdst......Same as mentioned......Full Paisa Wasool Trusted Seller', 'good mobile price itel s23 only draz pk', 'very good mobile in economical price. the same product received which was ordered. we appreciate timely delivery.']",100
1701513666,4.8,"['very positive approach and was as I ordered and mobile is working good. very happy to have that thans to retailer and also to daraz. as per my expectations fingerprints senser and fast charging not available. my suggestion is to please write all specifications on ad. Dex tracking number is not working on website but phone was delivered on very 1st of expected dates between 18 July to 21 July and received on 18th of July. was surprised and happy. good response front retailer on every chat but very poor or no response from daraz chat. due to daraz no response and tracking ID status not available on website, I was afraid and confused and wanted to cancel my order if not reached on 18th of July but was surprised to have that. please improve response to have good customer experience. Thank you', 'Both Acha phone hai tanks seller thanks daraz colour b outstanding hai use main behtreen use k bÃ ad view dy rahe thanks again', ""It's really good ğŸ‘ Original Samsung product with best hardware and software nice screen panel and camera also According to price it is the best mobile from a brand In one sentence It is value for money device""]",100
1701513680,4.8,"['seller is very cooperative and well manner. I will recommend. I have received techno spark 10 pro same as I ordered. I will give him five star because I requested him to deliver the mobile as soon as possible and he did the same I have received my parcel in 2 days only . I loved to buy again from him. thanks', 'Today I received my ordar 1st ko ordar kiya tha. 3 days mai recive hogya jaisa dekha tha waisa ge aya color ja issue tha tu seller nai contact kiya I appreciated hus effort set sach m bht acha hy', 'Masha allah bht acha mobile Hy. delivery bht jaldi hogai Hy. .... thank you so much']",100
1701513707,4.8,"['Nice product. Supplier is supportive. But not satidfied with the delivery which was very late', ""Box quality and phone quality was 5/5 and seller is very nice delivery was before the given date 22 Nov and I received it today 19 Nov thanks daraz and this seller until now I didn't find any issue on this phone I will keep u guys updated I hope i find no I issue good luck to the seller ğŸ«°may Allah give u successğŸ†ğŸ’ª and this phone has bypass and reverse charging option also â¤ï¸\u200dğŸ”¥â¤ï¸\u200dğŸ”¥â¤ï¸\u200dğŸ”¥"", 'We are satisfied this product and fast dekiwary']",100
1701513755,4.8,"['Good thing for me.', 'Both Aala cell phone hey. 3rd set purchase from same vendor, vendor b boht coaprative hey, delivery very fast.thanks to Daraz', 'very good Mobile 2nd set purchase from same seller, very good seller, thanks to draz']",83
1701513772,4.5,"['Received original product. Delivery time was also good. overall good experience', 'Perfect and genuine!', 'Thank u draz ğŸ¥º']",100
1701513787,4.5,"['mashallah bohat pyara mobile phone hai charj 5.0 zabadat hai', 'very amazing product ğŸ‘ğŸ˜„']",75
1701513835,4.9,"['Ø§Ù„Ø³Ù„Ø§Ù…Ù Ø¹Ù„ÛŒÚ©Ù…, I received original Mobile with fast delivery, Packing achi thi, bubble wrapped, Thanks to seller and very thankful to DARAZ. purchase with a good discount in 11.11. BOHAT ACHA MOBILE HY, Jo colour bola tha wo hi aya hy with all accessories, like pouch, protective glass, charger C-type, and data cable, sim ejector pin, warranty Card.', 'Excellent product. Same as shown in add. Fastest delivery ever. Highly recommended this seller.', 'Thank you, same as shown in the picture and fast delivery. Honest buyer recommended.']",100
1701513853,4.5,['genuine product with huge discount at Daraz 11.11 offer'],100
1701513870,5.0,['good'],100
1701513901,4.6,"['excellent product. recieved within a week.. thank you Daraz and Seller', 'Delivery in 2 days & remarks 10/10', 'I greet such honest trader because of delivery at time and geniune product.Infinite thanks.May Allah you live long and progress by leaps and bounds.']",83
1701513927,3.0,"['Ø¯Ø±Ø§Ø² Ø²Ø¨Ø±Ø¯Ø³Øª ÚˆØ³Ú©Ø§Ø¤Ù†Ù¹ ÛÛ’ Ù…ÙˆØ¨Ø§Ø¦Ù„ Ø¯Û’ Ø±ÛØ§ ÛÛ’ ÙˆÛÛŒ Ù…ÙˆØ¨Ø§Ø¦Ù„ Ø¨Ú¾ÛŒØ¬ÛŒ Ø¬Ø³ Ú©Ø§ Ø¢Ø±ÚˆØ± Ø¯ÛŒØ§', 'I order white color but seller sent me black color, I told him white color I want otherwise cancel my order..']",25
1701513939,3.8,"['Mobile phone kamal ka. tha bilkul ok piece tha.', 'bhot hi acha ha atna price ma acha hi atya ha', 'your service was good and mobile was also good but it Battary low fast. And battery time is not good.thx']",100
1701513991,4.8,"['EXCELLENT PACKING ğŸ‘Œ& MOBILE ORIGINAL AS PER SELLER DESCRIBED. HIGHLY RECOMMENDED ğŸ‘. MOBILE IS SO CUTE & SLIM LIGHT WEIGHT. MOBILE WORKING GREAT & CHARGING FASTLY. MOBILE WITH ANDRIOD 13 VERSION & MOBILE SPEED FOR REGULAR USAGE BEST. HONEST & BEST SELLER WITH HUGE DISCOUNTS. ALL ACCESSORIES INCLUDED. DARAZ BEST.', 'Good Mobile Genuine, Trusted Seller.. Thank You So Much.........', 'Same received as shown. Thanks a lot of seller and daraz also. ğŸ‘â¤ï¸ğŸ‘']",100
1701514017,5.0,"['Excellent service, quickest delivery with in 36 hours and fabulous product with safe packing', 'Mobile bht acha hai orignal hai use mein bht he acha hai camre ka result bht kaml hai or darz ny packing bht achi ki the', 'Value of money, Genuine product,']",83
1701514055,4.4,"['Excellent product', ""phone received but it's repacked and there is no warranty card inside the box. The response from seller is very pathetic as well."", 'Phone arrived on time & undamaged parcel. Product is as described, and PTA approved.']",66
1701514087,1.0,No review,0
1701514103,4.6,"['Very thankful Daraz and seller product recive original and same as pics Thanks', 'Good product in this price. very sleek and smart design', 'I ordered White color phone and paid upfront to daraz and then the seller sent this black color cz white was not available with him. Extremely bad on part of the seller.']",66
1701514128,0.0,No review,0
1701514168,5.0,"['100 % Genuine Product , Too fast delivery by seller , Fast seller response perfectly packed by daraz I really enjoy the super fast and safe delivery by daraz Thanks Daraz Thanks sid sad communication seller', ""waited for Redmi Note 12 Pro's release at Xiaomi official store, but found no confirmation. Opted for this seller, initially seeking grey, only white and blue were available. Seller was kind & arranged the grey variant. Grateful for their responsiveness and a quick 2-day delivery, increased trust in Daraz with upfront debit card payment. arrived properly sealed, PTA approved. Impressed by fast charging, phone responsiveness, clear call quality, and excellent camera results. Highly recommended ğŸ˜‡"", 'Brand new packed phone. Delivery was a bit slow but reasonable, received in 3 days. Value for money. PTA verified phone.']",100
1701514208,4.8,"['#11.11 Phone received on 4th day. Package was roughly handled. Very ordinary packing by seller even after repeated requests, he just wrapped it and sent. Leopard is always poor, box edges have become rounded due to mishandling. Luckily phone is safe and working. Mobile is perfect in every aspect. Alhumdulillah', ""it's worth its price. Quick delivery and good service by the dealer"", 'Genuine Products. Thanks #11.11']",100
1701514229,4.7,"['I purchased mobiles before from this seller. Best seller on daraz and trustworthy. I got the order the very next day. The original genuine pin packed mobile received, unboxed the mobile by myself. Again got satisfied with their service and package.', 'Received very fast. in very good packing. satisfied and recomended', 'Thanks ğŸ˜Š Excellent Presentation ğŸ‘']",100
1701514245,0.0,No review,0
1701514283,3.9,"['seller ne repack kar ke mobile diya he, jese hi mujhe mobile mila to mene check kiya ye 11 November se active he. Very much disappointed by the seller and by Daraz too, that Daraz is allowing such deceivers. lastly, the phone is without warranty', 'Very good device.']",50
1701514311,4.8,"['both hi acha products Hy Jo cheez dikhai gae Hy wo hi hy', 'good quality mobile recommended', 'Delivered on time.....Sealed dabba pack mobile']",66
1701514347,5.0,"['Genuine product, company sealed. I recommend this seller']",100
1701514383,5.0,"['Beautiful,fantastic easy to use fast charging']",100
1701514408,3.9,"['The product received well packed and within timeline. Comes with e-warranty so nothing to worry about. Nice n cooperative seller.', 'Excellent mobile. camera is average.', 'Repacked mobile disappointed']",66
1701514422,0.0,No review,0
1701514469,0.0,No review,0
1701514502,4.6,"['A very good phone with all quality features at a reasonable price. With 50 megapixels AI camera and internal memory of 128gb you can get 4 +4 gb Ram.. The packing was fine the delivery is fast with quality service. Recommend this product and Thankyou DARAZ for provision of quality items fastly.', 'Good product in the price range']",100
1701514517,0.0,No review,0
1701514557,5.0,['Fast and furious type delivery service. I received original product. highly recommended to this saler.'],0
1701514588,4.2,"['Bht acha mobile hğŸ˜hm bht khush hain itna acha r discount py mobile khareda hmny â¤ï¸thank you so much daraz and seller ğŸ’•ğŸ˜seller is really very cooperative ğŸ˜Allah apko khush rkhy amen. â¤ï¸Jo Jo chez mentioned h description mein. Wo sb delivered hoi hğŸ˜ğŸ’™', 'excellent mobile with brand name on this price with 2 years security warranty. ğŸ‘', 'Best mobile in this price. Big screen he. Nicely raped by seller. Recommended for midrange persons.']",83
1701514609,4.7,"['Nice same as description no fault but invoice bill or warranty card is not included how I claim my mobile and resealed box', 'Alhamdulillah overall mobile is good as shown pin pack and given what they showed...just a little confusion about the warranty of the phone as I know that now E-warranty is there but how I check the warranty of my phone as there is only a book on which warranty card is written should I check it on Xiaomi official E warranty website?? And one thing more for seller there is no PTA approval sticker mention on box nor there is any thing regarding PTA approval in the box but I checked for my confirmation it is approved but you have to mention this on the box also.... now E-warranty is expired or may this phone is a without warranty phone so why you wrote that 1 year brand warranty????', 'Received brand new phone. same as shown in pictures']",50
1701514657,5.0,"['Value for Money, with a renowned brand name', 'Good product with huge discount at Daraz 11.11']",100
1701514677,5.0,"['Behtreen product h jo kaha wohi behja h genuine product behji h thanks Kashif Electronic thanks daraz', 'Original Product same as shown Recommended']",100
1701514698,5.0,['Allhumdulliah satisfied.'],100
1701514741,5.0,['this is nice product and working good and same as shown in picture. fast and timely delivery.'],100
1701514756,0.0,No review,0
1701514784,4.5,"['Pin packed phone received in good condition. Bought with discount on 11.11 sale.ğŸ‘ğŸ‘ğŸ‘', 'it reached me in 6 days. #1111', 'mobile bohat acha ha but seller ki service achi ni ha order bohat ziada Late Mila ha or seller proper koi waja bi nai bataraha hota k Late Q horaha, jisny pahly order dia ha usko pahlay dispatch nai Kia']",100
1701514817,4.4,"[""I'm extremely satisfied with the mobile I ordered. The product is in great condition as shown on add, the service was excellent, and the delivery was incredibly fast, just two days after ordering. Thank you Daraz and SellerğŸ‘"", 'great seller.. fastest delivery...10/10 points for seller...Jo purchase kiya whi Aya...sellerğŸ‘', 'Pathetic supplier. Wrong color dispatch and Daraz people also not check product before pack in flyer very disappointed .']",66
1701514833,4.6,"['The phone is very nice although the delivery was a little slow. The price was higher than the market even after discounts which is very disappointing.', 'Alhumdulillah Thank you Seller and Daraz', ""the product is same as shown price was higher than market price but it's good and same as shown recommend ğŸ‘â¤ğŸ˜Š""]",66
1701514854,4.0,"[""Seal is broken and a local lamination packing on the box. Too much dust on the handset. Although Fone is cheaper than market price and delivery was fast but broken seal, dust on handset type things urge buyers not to shop anything from the seller next time. I asked seller in chat but he didn't respond me yet."", 'very good quality of the product. excellent packaging. the mobile phone is awesome ğŸ‘Œ. Strongly recommended the product and seller', 'hum nay copper colour order kia tha lakin white or black colour bhaj dia bad experience']",33
1701514882,4.9,"['Great product', ""Great product and arrived as mentioned. Didn't find a charging brick in the box but understand it would be probably Samsung not the seller"", 'Mobil bot Acha hai sab ko bot pasand aya']",83
1701514897,4.8,['i received my parsel and i am much more satified with seller and daraz products ğŸ¥°'],50
1701514926,5.0,['Best mobile highly recommend this seller ğŸ˜ƒ thanks to seller and daraz ...time se pehly mil gya mobile....ğŸ˜‡'],100
1701514981,5.0,"['Satisfied!!! Original product & arrived on time.', 'everything is perfect full packet set and have a warranty as well']",100
1701515049,5.0,"['outstanding. same as described very good response from seller and most important delivered before time as was stated 100% satisfied with quality and seller', ""it's my 4th order and everytime I got great response a sealed box pack mobile phone with fast delivery thank you daraz and also thank you to seller very high recommended seller"", 'good packing,nice mobile,Dealer is very coprative,']",100
1701515079,0.0,No review,0
1701515095,0.0,No review,0
1701515108,0.0,No review,0
1701515152,5.0,"['bahot Acha mobile hai lekin bahot late service hai bahot Baki sab ok hai', 'The seller was good and so cooperative he sent me a seal pack phone The quality of the phone is 10/10. I will shop again. thanks', 'Product bilkul thk hai or bht achi hai baki main ny activation date wagaira abi check ni ki k pehky use huwa hai ya ni wo check kr k review update krun ga.']",83
1701515180,0.0,No review,0
1701515193,0.0,No review,0
1701515214,4.0,"['Good Experience I have not compared price from market.', 'Highly recommended']",100
1701515234,4.7,"['good hai, body achi hai performance b achi hai but camera result guzare laik hai', 'Thank you so muchğŸ˜Š amazing product Thanks darazğŸ¥°', 'good product nice mobile in this price.good expiries. seller very nice man. thanks draz.']",100
1701515268,4.7,"[""Good Packing And Fast Delivery, Mob is Same As Shown. I'm satisfied from this seller (Shop-Tech Karachi). You shoud also buy from this sellerğŸ™‚"", 'Mobile buhat he piyara ha bilkul original ha seller b buhat cooperative ha. Highly recommended, thank you Daraz', 'Seller was kind enough to inform that black color is not available... And on insistence he arranged the black color']",100
1701515295,4.8,"['received a product with good packing.. seller response was good and friendly.. I also appreciate daraz for such a nice policy of installments.. keep up the good work', ""product was good but you need to work on communication other wise it's fine"", 'I am satisfied customer']",100
1701515333,0.0,No review,0
1701515350,5.0,"['Received brand new and sealed. TCS delayed the process so much. Seller was good and sent the phone in blue color. Love it.', 'order well received, good seller excellent and professional']",100
1701515383,0.0,No review,0
1701515394,0.0,No review,0
1701515438,4.6,"['ÙÙˆÙ† Ø²ÛŒØ§Ø¯Û Ø³Ù„Ù… Ø§ÙˆØ± Ø³Ù…Ø§Ø±Ù¹ Ù†ÛÛŒÚº ÛÛ’ ÙˆØ²Ù† Ø¨Ú¾ÛŒ Ø²ÛŒØ§Ø¯Û ÛÛ’ Û”Ù„ÛŒÚ©Ù† Ø§Ø³ Ù‚ÛŒÙ…Øª Ù…ÛŒÚº Ø¨ÛØª Ø§Ú†Ú¾Ø§ ÙÙˆÙ† Û”ÚˆÛŒÙ„Ø± Ú©ÛŒ Ù…Ø¬Ù…ÙˆØ¹ÛŒ Ø³Ø±ÙˆØ³ Ù„Ø§Ø¬ÙˆØ§Ø¨ ØªÚ¾ÛŒ Û”ØµØ±Ù Ø¯Ùˆ Ø¯Ù† Ù…ÛŒÚº ÙÙˆÙ† ÛÙ…Ø§Ø±Û’ ÛØ§ØªÚ¾ Ù…ÛŒÚº ØªÚ¾Ø§ Ø§ÙˆØ± safe sound', 'zabardst mobile h. Time se pehly rcv hogaya h itni price mein bohat acha mobile h', 'Itni price meine boht hi acha phone ha thank you draz']",83
1701515482,4.5,"['Alhamdulillah, original pin packed pta approved set received, happy with the seller and delivery service.', 'Ø¨ÛØª Ú¾ÛŒ Ø§Ø¹Ù„ÛŒ Ú¾Û’Û”ÚˆÛŒÙ„Ø± Ø§Ú†Ú¾Ø§ ØªØ¹Ø§ÙˆÙ† Ú©Ø±Ù†Û’ ÙˆØ§Ù„Ø§ Ú¾Û’Û”Ù…Ø¬Ù…ÙˆØ¹ÛŒ Ø·ÙˆØ± Ù¾Ø± Ù¾ÙˆØ±Ø§ Ø¹Ù…Ù„Û Ø§Ú†Ú¾Ø§ ØªØ¹Ø§ÙˆÙ† Ú©Ø± Ø±Ú¾Ø§ Ú¾Û’Û”']",75
1701515499,4.5,"[""It's ok""]",100
1701515539,5.0,"['I would like to appreciate Daraz and the seller for their excellent services and communication, the mobile phone received well before the anticipated time, the packaging and delivery service was excellent and genuine product. Thank you seller and Daraz. I definitely recommend seller as trust worthy and prompt']",100
1701515559,3.0,"[""fraud seller. sent lower spec phone but showed pics of note 30 pro. don't buy from this scammy seller. this guy should be ashamed of himself.""]",0
1701515580,5.0,"[""Alhamdulillah, With in 3 day's I have received same mobile which was selected by online given pictures.it was my 1st purchase by daraz and found excellent service.thanks,"", 'satisfied, price slightly high than local market, as it may be logical, over all bravo experience', 'Mobile tk theak ha bus charjer c type nahe ha or mobile covr bhe nahd sath .....']",100
1701515616,5.0,"['Excellent quality and service. Amongst accessories, only cable is present without charger in the pack. thanks daraz', 'received on time ğŸ‘']",75
1701515642,5.0,No review,0
